/*
SQLyog Community v9.60 
MySQL - 5.5.20-log : Database - bc_01_dev
*********************************************************************
*/

/*!40101 SET NAMES utf8 */;

/*!40101 SET SQL_MODE=''*/;

/*!40014 SET @OLD_UNIQUE_CHECKS=@@UNIQUE_CHECKS, UNIQUE_CHECKS=0 */;
/*!40014 SET @OLD_FOREIGN_KEY_CHECKS=@@FOREIGN_KEY_CHECKS, FOREIGN_KEY_CHECKS=0 */;
/*!40101 SET @OLD_SQL_MODE=@@SQL_MODE, SQL_MODE='NO_AUTO_VALUE_ON_ZERO' */;
/*!40111 SET @OLD_SQL_NOTES=@@SQL_NOTES, SQL_NOTES=0 */;
/*Data for the table `acos` */

insert  into `acos`(`id`,`parent_id`,`model`,`foreign_key`,`alias`,`lft`,`rght`) values (1,NULL,'',NULL,'controllers',1,240),(2,1,'',NULL,'Carts',2,13),(3,2,'',NULL,'index',3,4),(4,2,'',NULL,'add',5,6),(5,2,'',NULL,'update',7,8),(6,2,'',NULL,'remove',9,10),(7,2,'',NULL,'empty_cart',11,12),(8,1,'',NULL,'Categories',14,25),(9,8,'',NULL,'index',15,16),(10,8,'',NULL,'admin_index',17,18),(11,8,'',NULL,'admin_add',19,20),(12,8,'',NULL,'admin_edit',21,22),(13,8,'',NULL,'admin_remove',23,24),(14,1,'',NULL,'Groups',26,35),(15,14,'',NULL,'admin_index',27,28),(16,14,'',NULL,'admin_add',29,30),(17,14,'',NULL,'admin_edit',31,32),(18,14,'',NULL,'admin_remove',33,34),(19,1,'',NULL,'Orders',36,67),(20,19,'',NULL,'index',37,38),(21,19,'',NULL,'view',39,40),(22,19,'',NULL,'invoice',41,42),(23,19,'',NULL,'cancel',43,44),(24,19,'',NULL,'checkout',45,46),(25,19,'',NULL,'billing_shipping_method',47,48),(26,19,'',NULL,'billing_shipping_address',49,50),(27,19,'',NULL,'place_order',51,52),(28,19,'',NULL,'admin_index',53,54),(29,19,'',NULL,'admin_view_order',55,56),(30,19,'',NULL,'admin_change_state',57,58),(31,19,'',NULL,'admin_edit_order',59,60),(32,19,'',NULL,'admin_add_item',61,62),(33,19,'',NULL,'admin_edit_item',63,64),(34,19,'',NULL,'admin_remove_item',65,66),(35,1,'',NULL,'Pages',68,71),(36,35,'',NULL,'display',69,70),(37,1,'',NULL,'Products',72,123),(38,37,'',NULL,'index',73,74),(39,37,'',NULL,'detail',75,76),(40,37,'',NULL,'admin_index',77,78),(41,37,'',NULL,'admin_add',79,80),(42,37,'',NULL,'admin_clone',81,82),(43,37,'',NULL,'admin_view',83,84),(44,37,'',NULL,'admin_edit',85,86),(45,37,'',NULL,'admin_hide',87,88),(46,37,'',NULL,'admin_delete',89,90),(47,37,'',NULL,'admin_add_tag',91,92),(48,37,'',NULL,'admin_remove_tag',93,94),(49,37,'',NULL,'admin_add_category',95,96),(50,37,'',NULL,'admin_remove_category',97,98),(51,37,'',NULL,'admin_add_attribute',99,100),(52,37,'',NULL,'admin_edit_attribute',101,102),(53,37,'',NULL,'admin_remove_attribute',103,104),(54,37,'',NULL,'admin_add_relation',105,106),(55,37,'',NULL,'admin_change_relation_type',107,108),(56,37,'',NULL,'admin_remove_relation',109,110),(57,37,'',NULL,'admin_add_image',111,112),(58,37,'',NULL,'admin_edit_image_data',113,114),(59,37,'',NULL,'admin_remove_image',115,116),(60,37,'',NULL,'admin_add_shipping_method',117,118),(61,37,'',NULL,'admin_edit_shipping_method',119,120),(62,37,'',NULL,'admin_remove_shipping_method',121,122),(63,1,'',NULL,'Settings',124,129),(64,63,'',NULL,'admin_index',125,126),(65,63,'',NULL,'admin_edit',127,128),(66,1,'',NULL,'Tags',130,139),(67,66,'',NULL,'admin_index',131,132),(68,66,'',NULL,'admin_add',133,134),(69,66,'',NULL,'admin_edit',135,136),(70,66,'',NULL,'admin_remove',137,138),(71,1,'',NULL,'Users',140,173),(72,71,'',NULL,'index',141,142),(73,71,'',NULL,'login',143,144),(74,71,'',NULL,'logout',145,146),(75,71,'',NULL,'registration',147,148),(76,71,'',NULL,'confirm_registration',149,150),(77,71,'',NULL,'request_new_password',151,152),(78,71,'',NULL,'profile',153,154),(79,71,'',NULL,'edit_user_data',155,156),(80,71,'',NULL,'edit_compeny_data',157,158),(81,71,'',NULL,'admin_index',159,160),(82,71,'',NULL,'admin_view_user',161,162),(83,71,'',NULL,'admin_edit_user',163,164),(84,71,'',NULL,'admin_edit_company',165,166),(85,71,'',NULL,'admin_add_to_group',167,168),(86,71,'',NULL,'admin_remove_from_group',169,170),(87,71,'',NULL,'admin_delete_user',171,172),(88,1,'',NULL,'AclManager',174,189),(89,88,'',NULL,'Acl',175,188),(90,89,'',NULL,'drop',176,177),(91,89,'',NULL,'drop_perms',178,179),(92,89,'',NULL,'index',180,181),(93,89,'',NULL,'permissions',182,183),(94,89,'',NULL,'update_acos',184,185),(95,89,'',NULL,'update_aros',186,187),(96,1,'',NULL,'Attributes',190,199),(97,96,'',NULL,'admin_index',191,192),(98,96,'',NULL,'admin_add',193,194),(99,96,'',NULL,'admin_edit',195,196),(100,96,'',NULL,'admin_remove',197,198),(101,1,'',NULL,'Currencies',200,209),(102,101,'',NULL,'admin_index',201,202),(103,101,'',NULL,'admin_add',203,204),(104,101,'',NULL,'admin_edit',205,206),(105,101,'',NULL,'admin_remove',207,208),(106,1,'',NULL,'Languages',210,219),(107,106,'',NULL,'admin_index',211,212),(108,106,'',NULL,'admin_add',213,214),(109,106,'',NULL,'admin_edit',215,216),(110,106,'',NULL,'admin_remove',217,218),(111,1,'',NULL,'ShippingMethods',220,229),(112,111,'',NULL,'admin_index',221,222),(113,111,'',NULL,'admin_add',223,224),(114,111,'',NULL,'admin_edit',225,226),(115,111,'',NULL,'admin_remove',227,228),(116,1,'',NULL,'Taxes',230,239),(117,116,'',NULL,'admin_index',231,232),(118,116,'',NULL,'admin_add',233,234),(119,116,'',NULL,'admin_edit',235,236),(120,116,'',NULL,'admin_remove',237,238);

/*Data for the table `aros` */

insert  into `aros`(`id`,`parent_id`,`model`,`foreign_key`,`alias`,`lft`,`rght`) values (1,NULL,'Group',1,'',1,2),(2,NULL,'Group',2,'',3,4),(3,NULL,'Group',3,'',5,6),(4,NULL,'Group',4,'',7,8),(5,NULL,'Group',5,'',9,10);

/*Data for the table `aros_acos` */

insert  into `aros_acos`(`id`,`aro_id`,`aco_id`,`_create`,`_read`,`_update`,`_delete`) values (1,1,1,'1','1','1','1'),(2,2,1,'1','1','1','1'),(3,3,1,'1','1','1','1'),(4,4,1,'1','1','1','1'),(5,1,2,'0','0','0','0'),(6,2,2,'0','0','0','0'),(7,3,2,'0','0','0','0'),(8,4,2,'0','0','0','0'),(9,1,3,'0','0','0','0'),(10,2,3,'0','0','0','0'),(11,3,3,'0','0','0','0'),(12,4,3,'0','0','0','0'),(13,1,4,'0','0','0','0'),(14,2,4,'0','0','0','0'),(15,3,4,'0','0','0','0'),(16,4,4,'0','0','0','0'),(17,1,5,'0','0','0','0'),(18,2,5,'0','0','0','0'),(19,3,5,'0','0','0','0'),(20,4,5,'0','0','0','0'),(21,1,6,'0','0','0','0'),(22,2,6,'0','0','0','0'),(23,3,6,'0','0','0','0'),(24,4,6,'0','0','0','0'),(25,1,7,'0','0','0','0'),(26,2,7,'0','0','0','0'),(27,3,7,'0','0','0','0'),(28,4,7,'0','0','0','0'),(29,1,8,'0','0','0','0'),(30,2,8,'0','0','0','0'),(31,3,8,'0','0','0','0'),(32,4,8,'-1','-1','-1','-1'),(33,1,9,'0','0','0','0'),(34,2,9,'0','0','0','0'),(35,3,9,'0','0','0','0'),(36,4,9,'0','0','0','0'),(37,1,10,'0','0','0','0'),(38,2,10,'0','0','0','0'),(39,3,10,'0','0','0','0'),(40,4,10,'0','0','0','0'),(41,1,11,'0','0','0','0'),(42,2,11,'0','0','0','0'),(43,3,11,'0','0','0','0'),(44,4,11,'0','0','0','0'),(45,1,12,'0','0','0','0'),(46,2,12,'0','0','0','0'),(47,3,12,'0','0','0','0'),(48,4,12,'0','0','0','0'),(49,1,13,'0','0','0','0'),(50,2,13,'0','0','0','0'),(51,3,13,'0','0','0','0'),(52,4,13,'0','0','0','0'),(53,1,14,'0','0','0','0'),(54,2,14,'-1','-1','-1','-1'),(55,3,14,'-1','-1','-1','-1'),(56,4,14,'-1','-1','-1','-1'),(57,1,15,'0','0','0','0'),(58,2,15,'0','0','0','0'),(59,3,15,'0','0','0','0'),(60,4,15,'0','0','0','0'),(61,1,16,'0','0','0','0'),(62,2,16,'0','0','0','0'),(63,3,16,'0','0','0','0'),(64,4,16,'0','0','0','0'),(65,1,17,'0','0','0','0'),(66,2,17,'0','0','0','0'),(67,3,17,'0','0','0','0'),(68,4,17,'0','0','0','0'),(69,1,18,'0','0','0','0'),(70,2,18,'0','0','0','0'),(71,3,18,'0','0','0','0'),(72,4,18,'0','0','0','0'),(73,1,19,'0','0','0','0'),(74,2,19,'0','0','0','0'),(75,3,19,'-1','-1','-1','-1'),(76,4,19,'0','0','0','0'),(77,1,20,'0','0','0','0'),(78,2,20,'0','0','0','0'),(79,3,20,'0','0','0','0'),(80,4,20,'0','0','0','0'),(81,1,21,'0','0','0','0'),(82,2,21,'0','0','0','0'),(83,3,21,'0','0','0','0'),(84,4,21,'0','0','0','0'),(85,1,22,'0','0','0','0'),(86,2,22,'0','0','0','0'),(87,3,22,'0','0','0','0'),(88,4,22,'0','0','0','0'),(89,1,23,'0','0','0','0'),(90,2,23,'0','0','0','0'),(91,3,23,'0','0','0','0'),(92,4,23,'0','0','0','0'),(93,1,24,'0','0','0','0'),(94,2,24,'0','0','0','0'),(95,3,24,'0','0','0','0'),(96,4,24,'0','0','0','0'),(97,1,25,'0','0','0','0'),(98,2,25,'0','0','0','0'),(99,3,25,'0','0','0','0'),(100,4,25,'0','0','0','0'),(101,1,26,'0','0','0','0'),(102,2,26,'0','0','0','0'),(103,3,26,'0','0','0','0'),(104,4,26,'0','0','0','0'),(105,1,27,'0','0','0','0'),(106,2,27,'0','0','0','0'),(107,3,27,'0','0','0','0'),(108,4,27,'0','0','0','0'),(109,1,28,'0','0','0','0'),(110,2,28,'0','0','0','0'),(111,3,28,'0','0','0','0'),(112,4,28,'0','0','0','0'),(113,1,29,'0','0','0','0'),(114,2,29,'0','0','0','0'),(115,3,29,'0','0','0','0'),(116,4,29,'0','0','0','0'),(117,1,30,'0','0','0','0'),(118,2,30,'0','0','0','0'),(119,3,30,'0','0','0','0'),(120,4,30,'0','0','0','0'),(121,1,31,'0','0','0','0'),(122,2,31,'0','0','0','0'),(123,3,31,'0','0','0','0'),(124,4,31,'0','0','0','0'),(125,1,32,'0','0','0','0'),(126,2,32,'0','0','0','0'),(127,3,32,'0','0','0','0'),(128,4,32,'0','0','0','0'),(129,1,33,'0','0','0','0'),(130,2,33,'0','0','0','0'),(131,3,33,'0','0','0','0'),(132,4,33,'0','0','0','0'),(133,1,34,'0','0','0','0'),(134,2,34,'0','0','0','0'),(135,3,34,'0','0','0','0'),(136,4,34,'0','0','0','0'),(137,1,35,'0','0','0','0'),(138,2,35,'0','0','0','0'),(139,3,35,'0','0','0','0'),(140,4,35,'0','0','0','0'),(141,1,36,'0','0','0','0'),(142,2,36,'0','0','0','0'),(143,3,36,'0','0','0','0'),(144,4,36,'0','0','0','0'),(145,1,37,'0','0','0','0'),(146,2,37,'0','0','0','0'),(147,3,37,'0','0','0','0'),(148,4,37,'-1','-1','-1','-1'),(149,1,38,'0','0','0','0'),(150,2,38,'0','0','0','0'),(151,3,38,'0','0','0','0'),(152,4,38,'0','0','0','0'),(153,1,39,'0','0','0','0'),(154,2,39,'0','0','0','0'),(155,3,39,'0','0','0','0'),(156,4,39,'0','0','0','0'),(157,1,40,'0','0','0','0'),(158,2,40,'0','0','0','0'),(159,3,40,'0','0','0','0'),(160,4,40,'0','0','0','0'),(161,1,41,'0','0','0','0'),(162,2,41,'0','0','0','0'),(163,3,41,'0','0','0','0'),(164,4,41,'0','0','0','0'),(165,1,42,'0','0','0','0'),(166,2,42,'0','0','0','0'),(167,3,42,'0','0','0','0'),(168,4,42,'0','0','0','0'),(169,1,43,'0','0','0','0'),(170,2,43,'0','0','0','0'),(171,3,43,'0','0','0','0'),(172,4,43,'0','0','0','0'),(173,1,44,'0','0','0','0'),(174,2,44,'0','0','0','0'),(175,3,44,'0','0','0','0'),(176,4,44,'0','0','0','0'),(177,1,45,'0','0','0','0'),(178,2,45,'0','0','0','0'),(179,3,45,'0','0','0','0'),(180,4,45,'0','0','0','0'),(181,1,46,'0','0','0','0'),(182,2,46,'0','0','0','0'),(183,3,46,'0','0','0','0'),(184,4,46,'0','0','0','0'),(185,1,47,'0','0','0','0'),(186,2,47,'0','0','0','0'),(187,3,47,'0','0','0','0'),(188,4,47,'0','0','0','0'),(189,1,48,'0','0','0','0'),(190,2,48,'0','0','0','0'),(191,3,48,'0','0','0','0'),(192,4,48,'0','0','0','0'),(193,1,49,'0','0','0','0'),(194,2,49,'0','0','0','0'),(195,3,49,'0','0','0','0'),(196,4,49,'0','0','0','0'),(197,1,50,'0','0','0','0'),(198,2,50,'0','0','0','0'),(199,3,50,'0','0','0','0'),(200,4,50,'0','0','0','0'),(201,1,51,'0','0','0','0'),(202,2,51,'0','0','0','0'),(203,3,51,'0','0','0','0'),(204,4,51,'0','0','0','0'),(205,1,52,'0','0','0','0'),(206,2,52,'0','0','0','0'),(207,3,52,'0','0','0','0'),(208,4,52,'0','0','0','0'),(209,1,53,'0','0','0','0'),(210,2,53,'0','0','0','0'),(211,3,53,'0','0','0','0'),(212,4,53,'0','0','0','0'),(213,1,54,'0','0','0','0'),(214,2,54,'0','0','0','0'),(215,3,54,'0','0','0','0'),(216,4,54,'0','0','0','0'),(217,1,55,'0','0','0','0'),(218,2,55,'0','0','0','0'),(219,3,55,'0','0','0','0'),(220,4,55,'0','0','0','0'),(221,1,56,'0','0','0','0'),(222,2,56,'0','0','0','0'),(223,3,56,'0','0','0','0'),(224,4,56,'0','0','0','0'),(225,1,57,'0','0','0','0'),(226,2,57,'0','0','0','0'),(227,3,57,'0','0','0','0'),(228,4,57,'0','0','0','0'),(229,1,58,'0','0','0','0'),(230,2,58,'0','0','0','0'),(231,3,58,'0','0','0','0'),(232,4,58,'0','0','0','0'),(233,1,59,'0','0','0','0'),(234,2,59,'0','0','0','0'),(235,3,59,'0','0','0','0'),(236,4,59,'0','0','0','0'),(237,1,60,'0','0','0','0'),(238,2,60,'0','0','0','0'),(239,3,60,'0','0','0','0'),(240,4,60,'0','0','0','0'),(241,1,61,'0','0','0','0'),(242,2,61,'0','0','0','0'),(243,3,61,'0','0','0','0'),(244,4,61,'0','0','0','0'),(245,1,62,'0','0','0','0'),(246,2,62,'0','0','0','0'),(247,3,62,'0','0','0','0'),(248,4,62,'0','0','0','0'),(249,1,63,'0','0','0','0'),(250,2,63,'0','0','0','0'),(251,3,63,'-1','-1','-1','-1'),(252,4,63,'-1','-1','-1','-1'),(253,1,64,'0','0','0','0'),(254,2,64,'0','0','0','0'),(255,3,64,'0','0','0','0'),(256,4,64,'0','0','0','0'),(257,1,65,'0','0','0','0'),(258,2,65,'0','0','0','0'),(259,3,65,'0','0','0','0'),(260,4,65,'0','0','0','0'),(261,1,66,'0','0','0','0'),(262,2,66,'0','0','0','0'),(263,3,66,'0','0','0','0'),(264,4,66,'-1','-1','-1','-1'),(265,1,67,'0','0','0','0'),(266,2,67,'0','0','0','0'),(267,3,67,'0','0','0','0'),(268,4,67,'0','0','0','0'),(269,1,68,'0','0','0','0'),(270,2,68,'0','0','0','0'),(271,3,68,'0','0','0','0'),(272,4,68,'0','0','0','0'),(273,1,69,'0','0','0','0'),(274,2,69,'0','0','0','0'),(275,3,69,'0','0','0','0'),(276,4,69,'0','0','0','0'),(277,1,70,'0','0','0','0'),(278,2,70,'0','0','0','0'),(279,3,70,'0','0','0','0'),(280,4,70,'0','0','0','0'),(281,1,71,'0','0','0','0'),(282,2,71,'0','0','0','0'),(283,3,71,'-1','-1','-1','-1'),(284,4,71,'-1','-1','-1','-1'),(285,1,72,'0','0','0','0'),(286,2,72,'0','0','0','0'),(287,3,72,'0','0','0','0'),(288,4,72,'0','0','0','0'),(289,1,73,'0','0','0','0'),(290,2,73,'0','0','0','0'),(291,3,73,'0','0','0','0'),(292,4,73,'0','0','0','0'),(293,1,74,'0','0','0','0'),(294,2,74,'0','0','0','0'),(295,3,74,'0','0','0','0'),(296,4,74,'0','0','0','0'),(297,1,75,'0','0','0','0'),(298,2,75,'0','0','0','0'),(299,3,75,'0','0','0','0'),(300,4,75,'0','0','0','0'),(301,1,76,'0','0','0','0'),(302,2,76,'0','0','0','0'),(303,3,76,'0','0','0','0'),(304,4,76,'0','0','0','0'),(305,1,77,'0','0','0','0'),(306,2,77,'0','0','0','0'),(307,3,77,'0','0','0','0'),(308,4,77,'0','0','0','0'),(309,1,78,'0','0','0','0'),(310,2,78,'0','0','0','0'),(311,3,78,'1','1','1','1'),(312,4,78,'1','1','1','1'),(313,1,79,'0','0','0','0'),(314,2,79,'0','0','0','0'),(315,3,79,'1','1','1','1'),(316,4,79,'1','1','1','1'),(317,1,80,'0','0','0','0'),(318,2,80,'0','0','0','0'),(319,3,80,'1','1','1','1'),(320,4,80,'1','1','1','1'),(321,1,81,'0','0','0','0'),(322,2,81,'0','0','0','0'),(323,3,81,'0','0','0','0'),(324,4,81,'0','0','0','0'),(325,1,82,'0','0','0','0'),(326,2,82,'0','0','0','0'),(327,3,82,'0','0','0','0'),(328,4,82,'0','0','0','0'),(329,1,83,'0','0','0','0'),(330,2,83,'0','0','0','0'),(331,3,83,'0','0','0','0'),(332,4,83,'0','0','0','0'),(333,1,84,'0','0','0','0'),(334,2,84,'0','0','0','0'),(335,3,84,'0','0','0','0'),(336,4,84,'0','0','0','0'),(337,1,85,'0','0','0','0'),(338,2,85,'0','0','0','0'),(339,3,85,'0','0','0','0'),(340,4,85,'0','0','0','0'),(341,1,86,'0','0','0','0'),(342,2,86,'0','0','0','0'),(343,3,86,'0','0','0','0'),(344,4,86,'0','0','0','0'),(345,1,87,'0','0','0','0'),(346,2,87,'0','0','0','0'),(347,3,87,'0','0','0','0'),(348,4,87,'0','0','0','0'),(349,1,88,'0','0','0','0'),(350,2,88,'-1','-1','-1','-1'),(351,3,88,'-1','-1','-1','-1'),(352,4,88,'-1','-1','-1','-1'),(353,1,89,'0','0','0','0'),(354,2,89,'0','0','0','0'),(355,3,89,'0','0','0','0'),(356,4,89,'0','0','0','0'),(357,1,90,'0','0','0','0'),(358,2,90,'0','0','0','0'),(359,3,90,'0','0','0','0'),(360,4,90,'0','0','0','0'),(361,1,91,'0','0','0','0'),(362,2,91,'0','0','0','0'),(363,3,91,'0','0','0','0'),(364,4,91,'0','0','0','0'),(365,1,92,'0','0','0','0'),(366,2,92,'0','0','0','0'),(367,3,92,'0','0','0','0'),(368,4,92,'0','0','0','0'),(369,1,93,'0','0','0','0'),(370,2,93,'0','0','0','0'),(371,3,93,'0','0','0','0'),(372,4,93,'0','0','0','0'),(373,1,94,'0','0','0','0'),(374,2,94,'0','0','0','0'),(375,3,94,'0','0','0','0'),(376,4,94,'0','0','0','0'),(377,1,95,'0','0','0','0'),(378,2,95,'0','0','0','0'),(379,3,95,'0','0','0','0'),(380,4,95,'0','0','0','0'),(381,5,1,'1','1','1','1'),(382,5,2,'0','0','0','0'),(383,5,3,'0','0','0','0'),(384,5,4,'0','0','0','0'),(385,5,5,'0','0','0','0'),(386,5,6,'0','0','0','0'),(387,5,7,'0','0','0','0'),(388,5,8,'-1','-1','-1','-1'),(389,5,9,'0','0','0','0'),(390,5,10,'0','0','0','0'),(391,5,11,'0','0','0','0'),(392,5,12,'0','0','0','0'),(393,5,13,'0','0','0','0'),(394,5,14,'-1','-1','-1','-1'),(395,5,15,'0','0','0','0'),(396,5,16,'0','0','0','0'),(397,5,17,'0','0','0','0'),(398,5,18,'0','0','0','0'),(399,5,19,'0','0','0','0'),(400,5,20,'1','1','1','1'),(401,5,21,'1','1','1','1'),(402,5,22,'1','1','1','1'),(403,5,23,'1','1','1','1'),(404,5,24,'1','1','1','1'),(405,5,25,'1','1','1','1'),(406,5,26,'1','1','1','1'),(407,5,27,'1','1','1','1'),(408,5,28,'0','0','0','0'),(409,5,29,'0','0','0','0'),(410,5,30,'0','0','0','0'),(411,5,31,'0','0','0','0'),(412,5,32,'0','0','0','0'),(413,5,33,'0','0','0','0'),(414,5,34,'0','0','0','0'),(415,5,35,'0','0','0','0'),(416,5,36,'0','0','0','0'),(417,5,37,'-1','-1','-1','-1'),(418,5,38,'0','0','0','0'),(419,5,39,'0','0','0','0'),(420,5,40,'0','0','0','0'),(421,5,41,'0','0','0','0'),(422,5,42,'0','0','0','0'),(423,5,43,'0','0','0','0'),(424,5,44,'0','0','0','0'),(425,5,45,'0','0','0','0'),(426,5,46,'0','0','0','0'),(427,5,47,'0','0','0','0'),(428,5,48,'0','0','0','0'),(429,5,49,'0','0','0','0'),(430,5,50,'0','0','0','0'),(431,5,51,'0','0','0','0'),(432,5,52,'0','0','0','0'),(433,5,53,'0','0','0','0'),(434,5,54,'0','0','0','0'),(435,5,55,'0','0','0','0'),(436,5,56,'0','0','0','0'),(437,5,57,'0','0','0','0'),(438,5,58,'0','0','0','0'),(439,5,59,'0','0','0','0'),(440,5,60,'0','0','0','0'),(441,5,61,'0','0','0','0'),(442,5,62,'0','0','0','0'),(443,5,63,'-1','-1','-1','-1'),(444,5,64,'0','0','0','0'),(445,5,65,'0','0','0','0'),(446,5,66,'-1','-1','-1','-1'),(447,5,67,'0','0','0','0'),(448,5,68,'0','0','0','0'),(449,5,69,'0','0','0','0'),(450,5,70,'0','0','0','0'),(451,5,71,'-1','-1','-1','-1'),(452,5,72,'0','0','0','0'),(453,5,73,'0','0','0','0'),(454,5,74,'0','0','0','0'),(455,5,75,'0','0','0','0'),(456,5,76,'0','0','0','0'),(457,5,77,'0','0','0','0'),(458,5,78,'1','1','1','1'),(459,5,79,'1','1','1','1'),(460,5,80,'1','1','1','1'),(461,5,81,'0','0','0','0'),(462,5,82,'0','0','0','0'),(463,5,83,'0','0','0','0'),(464,5,84,'0','0','0','0'),(465,5,85,'0','0','0','0'),(466,5,86,'0','0','0','0'),(467,5,87,'0','0','0','0'),(468,5,88,'0','0','0','0'),(469,5,89,'-1','-1','-1','-1'),(470,5,90,'0','0','0','0'),(471,5,91,'0','0','0','0'),(472,5,92,'0','0','0','0'),(473,5,93,'0','0','0','0'),(474,5,94,'0','0','0','0'),(475,5,95,'0','0','0','0'),(476,5,96,'-1','-1','-1','-1'),(477,5,97,'0','0','0','0'),(478,5,98,'0','0','0','0'),(479,5,99,'0','0','0','0'),(480,5,100,'0','0','0','0'),(481,5,101,'-1','-1','-1','-1'),(482,5,102,'0','0','0','0'),(483,5,103,'0','0','0','0'),(484,5,104,'0','0','0','0'),(485,5,105,'0','0','0','0'),(486,5,106,'-1','-1','-1','-1'),(487,5,107,'0','0','0','0'),(488,5,108,'0','0','0','0'),(489,5,109,'0','0','0','0'),(490,5,110,'0','0','0','0'),(491,5,111,'-1','-1','-1','-1'),(492,5,112,'0','0','0','0'),(493,5,113,'0','0','0','0'),(494,5,114,'0','0','0','0'),(495,5,115,'0','0','0','0'),(496,5,116,'-1','-1','-1','-1'),(497,5,117,'0','0','0','0'),(498,5,118,'0','0','0','0'),(499,5,119,'0','0','0','0'),(500,5,120,'0','0','0','0'),(501,1,96,'0','0','0','0'),(502,2,96,'0','0','0','0'),(503,3,96,'0','0','0','0'),(504,4,96,'-1','-1','-1','-1'),(505,1,97,'0','0','0','0'),(506,2,97,'0','0','0','0'),(507,3,97,'0','0','0','0'),(508,4,97,'0','0','0','0'),(509,1,98,'0','0','0','0'),(510,2,98,'0','0','0','0'),(511,3,98,'0','0','0','0'),(512,4,98,'0','0','0','0'),(513,1,99,'0','0','0','0'),(514,2,99,'0','0','0','0'),(515,3,99,'0','0','0','0'),(516,4,99,'0','0','0','0'),(517,1,100,'0','0','0','0'),(518,2,100,'0','0','0','0'),(519,3,100,'0','0','0','0'),(520,4,100,'0','0','0','0'),(521,1,101,'0','0','0','0'),(522,2,101,'0','0','0','0'),(523,3,101,'-1','-1','-1','-1'),(524,4,101,'-1','-1','-1','-1'),(525,1,102,'0','0','0','0'),(526,2,102,'0','0','0','0'),(527,3,102,'0','0','0','0'),(528,4,102,'0','0','0','0'),(529,1,103,'0','0','0','0'),(530,2,103,'0','0','0','0'),(531,3,103,'0','0','0','0'),(532,4,103,'0','0','0','0'),(533,1,104,'0','0','0','0'),(534,2,104,'0','0','0','0'),(535,3,104,'0','0','0','0'),(536,4,104,'0','0','0','0'),(537,1,105,'0','0','0','0'),(538,2,105,'0','0','0','0'),(539,3,105,'0','0','0','0'),(540,4,105,'0','0','0','0'),(541,1,106,'0','0','0','0'),(542,2,106,'0','0','0','0'),(543,3,106,'-1','-1','-1','-1'),(544,4,106,'-1','-1','-1','-1'),(545,1,107,'0','0','0','0'),(546,2,107,'0','0','0','0'),(547,3,107,'0','0','0','0'),(548,4,107,'0','0','0','0'),(549,1,108,'0','0','0','0'),(550,2,108,'0','0','0','0'),(551,3,108,'0','0','0','0'),(552,4,108,'0','0','0','0'),(553,1,109,'0','0','0','0'),(554,2,109,'0','0','0','0'),(555,3,109,'0','0','0','0'),(556,4,109,'0','0','0','0'),(557,1,110,'0','0','0','0'),(558,2,110,'0','0','0','0'),(559,3,110,'0','0','0','0'),(560,4,110,'0','0','0','0'),(561,1,111,'0','0','0','0'),(562,2,111,'0','0','0','0'),(563,3,111,'-1','-1','-1','-1'),(564,4,111,'-1','-1','-1','-1'),(565,1,112,'0','0','0','0'),(566,2,112,'0','0','0','0'),(567,3,112,'0','0','0','0'),(568,4,112,'0','0','0','0'),(569,1,113,'0','0','0','0'),(570,2,113,'0','0','0','0'),(571,3,113,'0','0','0','0'),(572,4,113,'0','0','0','0'),(573,1,114,'0','0','0','0'),(574,2,114,'0','0','0','0'),(575,3,114,'0','0','0','0'),(576,4,114,'0','0','0','0'),(577,1,115,'0','0','0','0'),(578,2,115,'0','0','0','0'),(579,3,115,'0','0','0','0'),(580,4,115,'0','0','0','0'),(581,1,116,'0','0','0','0'),(582,2,116,'0','0','0','0'),(583,3,116,'-1','-1','-1','-1'),(584,4,116,'-1','-1','-1','-1'),(585,1,117,'0','0','0','0'),(586,2,117,'0','0','0','0'),(587,3,117,'0','0','0','0'),(588,4,117,'0','0','0','0'),(589,1,118,'0','0','0','0'),(590,2,118,'0','0','0','0'),(591,3,118,'0','0','0','0'),(592,4,118,'0','0','0','0'),(593,1,119,'0','0','0','0'),(594,2,119,'0','0','0','0'),(595,3,119,'0','0','0','0'),(596,4,119,'0','0','0','0'),(597,1,120,'0','0','0','0'),(598,2,120,'0','0','0','0'),(599,3,120,'0','0','0','0'),(600,4,120,'0','0','0','0');

/*!40101 SET SQL_MODE=@OLD_SQL_MODE */;
/*!40014 SET FOREIGN_KEY_CHECKS=@OLD_FOREIGN_KEY_CHECKS */;
/*!40014 SET UNIQUE_CHECKS=@OLD_UNIQUE_CHECKS */;
/*!40111 SET SQL_NOTES=@OLD_SQL_NOTES */;
